FACILITY NAME,PERMIT ID,URL TO PERMIT TEXT,FACILITY LOCATION,FACILITY CITY,FACILITY STATE,FACILITY ZIP,ISSUE DATE,EXPIRATION DATE,georeference
LOCKPORT COGENERATION FACILITY,9-2926-00016/00036,https://www.dec.ny.gov/dardata/boss/afs/permits/929260001600036_r2.pdf,5087 JUNCTION RD,LOCKPORT,NY,14094,04/13/2016,04/12/2021,POINT (-78.75462 43.16182)
OCCIDENTAL CHEMICAL CORP - NIAGARA PLANT,9-2911-00112/00234,https://www.dec.ny.gov/dardata/boss/afs/permits/929110011200234_r2.pdf,BUFFALO AVE AND 47TH ST,NIAGARA FALLS,NY,14302,03/14/2014,03/13/2019,POINT (-79.06266 43.08385)
DUPONT SPECIALTY PRODUCTS USA LLC,9-1464-00031/00292,https://www.dec.ny.gov/dardata/boss/afs/permits/914640003100292_r2.pdf,3115 RIVER RD,BUFFALO,NY,14207,02/06/2015,02/08/2020,POINT (-78.92024 42.96357)
INDECK-SILVER SPRINGS ENERGY CENTER,9-5632-00010/00016,https://www.dec.ny.gov/dardata/boss/afs/permits/956320001000016_r3.pdf,1 INDECK DR,SILVER SPRINGS,NY,14550,06/24/2020,06/23/2025,POINT (-78.07735 42.65357)
MODEL CITY ENERGY FACILITY,9-2924-00110/00002,https://www.dec.ny.gov/dardata/boss/afs/permits/929240011000002_r1.pdf,1447 PLETCHER RD,YOUNGSTOWN,NY,14174,03/23/2011,03/22/2016,POINT (-78.98108 43.20882)
"COVANTA NIAGARA I, LLC",9-2911-00113/00039,https://www.dec.ny.gov/dardata/boss/afs/permits/929110011300039_r2_1.pdf,100 ENERGY BLVD AT 56TH ST,NIAGARA FALLS,NY,14304,05/02/2014,05/01/2019,POINT (-79.00677 43.08342)
3M TONAWANDA,9-1464-00164/00117,https://www.dec.ny.gov/dardata/boss/afs/permits/914640016400117_r1_4.pdf,305 SAWYER AVE,TONAWANDA,NY,14150,11/27/2007,11/26/2012,POINT (-78.92043 42.97628)
METAULLICS SYSTEMS DIVISION OF PYROTEK INC,9-2940-00030/02001,https://www.dec.ny.gov/dardata/boss/afs/permits/929400003002001_r1.pdf,2040 CORY RD,SANBORN,NY,14132,06/14/2016,06/13/2021,POINT (-78.94092 43.12913)
MODERN LANDFILL INC,9-2924-00016/00053,https://www.dec.ny.gov/dardata/boss/afs/permits/929240001600053_r1.pdf,PLETCHER RD,MODEL CITY,NY,14107,11/21/2008,11/20/2013,
STARRETT CITY POWER PLANT,2-6105-00263/00008,https://www.dec.ny.gov/dardata/boss/afs/permits/261050026300008_r4.pdf,165 ELMIRA LOOP,BROOKLYN,NY,11239,05/17/2022,05/16/2027,POINT (-73.87972 40.64917)
NYS OGS SHERIDAN STEAM PLANT,4-0101-00122/00009,https://www.dec.ny.gov/dardata/boss/afs/permits/401010012200009_r3.pdf,79 SHERIDAN AVE,ALBANY,NY,12210,08/24/2017,08/23/2022,POINT (-73.7539 42.65467)
POUCH TERMINAL,2-6402-00295/00003,https://www.dec.ny.gov/dardata/boss/afs/permits/264020029500003_r2.pdf,143 EDGEWATER ST|LYNHURST AVE & EDGEWATER ST,STATEN ISLAND,NY,10305,01/25/2016,01/24/2021,POINT (-74.06765 40.61829)
PACTIV TECHNOLOGY CENTER,8-3224-00427/00001,https://www.dec.ny.gov/dardata/boss/afs/permits/832240042700001_r2.pdf,2651 BRICKYARD RD,CANANDAIGUA,NY,14424,08/28/2017,08/27/2022,POINT (-77.30547 42.90313)
BATAVIA POWER PLANT,8-1802-00045/00022,https://www.dec.ny.gov/dardata/boss/afs/permits/818020004500022_r3.pdf,163 CEDAR ST,BATAVIA,NY,14020,11/29/2021,11/28/2026,POINT (-78.16293 42.98273)
FREEPORT POWER PLANT #1,1-2820-00357/00002,https://www.dec.ny.gov/dardata/boss/afs/permits/128200035700002_r2.pdf,220 W SUNRISE HWY,FREEPORT,NY,11520,07/19/2016,07/18/2021,POINT (-73.59187 40.65635)
NYPA - Astoria Campus,2-6301-00084/00015,https://www.dec.ny.gov/dardata/boss/afs/permits/263010008400015_r3.pdf,31-03 20TH AVE,ASTORIA,NY,11105,01/08/2018,03/27/2023,POINT (-73.90608 40.77957)
SARANAC POWER PARTNERS COGENERATION FAC,5-0942-00106/00018,https://www.dec.ny.gov/dardata/boss/afs/permits/509420010600018_r4.pdf,99 WEED ST,PLATTSBURGH,NY,12901,06/08/2021,08/11/2026,POINT (-73.4562 44.71265)
GLOBAL COMPANIES - SOUTH TERMINAL,3-3348-00197/00053,https://www.dec.ny.gov/dardata/boss/afs/permits/333480019700053_r3.pdf,1184 RIVER RD,NEW WINDSOR,NY,12553,11/23/2015,11/22/2020,POINT (-74.01328 41.48121)
TENNESSEE GAS PIPELINE CO - COMP STA 241,7-3134-00022/00011,https://www.dec.ny.gov/dardata/boss/afs/permits/731340002200011_r3.pdf,3447 SENTINEL HEIGHTS RD,LAFAYETTE,NY,13084,12/08/2021,12/08/2026,POINT (-76.11411 42.93947)
PVS CHEMICAL SOLUTIONS INC,9-1402-00435/00037,https://www.dec.ny.gov/dardata/boss/afs/permits/914020043500037_r2.pdf,55 LEE ST,BUFFALO,NY,14210,10/02/2017,10/01/2022,POINT (-78.84288 42.86509)
GLOBAL COMPANIES LLC - INWOOD TERMINAL,1-2820-00947/00002,https://www.dec.ny.gov/dardata/boss/afs/permits/128200094700002_r2_1.pdf,464 DOUGHTY BLVD,INWOOD,NY,11096,01/17/2012,01/16/2017,POINT (-73.74614 40.62484)
PEARL RIVER CAMPUS LLC,3-3924-00025/00821,https://www.dec.ny.gov/dardata/boss/afs/permits/339240002500821_r3.pdf,401 N MIDDLETOWN RD,PEARL RIVER,NY,10965,12/03/2020,12/02/2025,POINT (-74.01399 41.07621)
GUARDIAN INDUSTRIES CORP,8-3205-00041/00013,https://www.dec.ny.gov/dardata/boss/afs/permits/832050004100013_r0_3.pdf,50 FORGE AVE,GENEVA,NY,14456,07/18/2013,07/17/2018,POINT (-76.9701 42.88315)
BEECH HILL COMPRESSOR STATION,9-0274-00004/00015,https://www.dec.ny.gov/dardata/boss/afs/permits/902740000400015_r3.pdf,PEET RD BETWEEN GRAVES & BEECH HILL RDS,WILLING,NY,14895,06/08/2021,06/07/2026,POINT (-77.84003 42.05218)
ALCOA USA CORP,6-4058-00178/00001,https://www.dec.ny.gov/dardata/boss/afs/permits/640580017800001_r0.pdf,45 CO RTE 42|PO BOX 150,MASSENA,NY,13662,10/28/2016,10/31/2021,POINT (-74.87761 44.93962)
GLENWOOD COMBUSTION TURBINE FACILITY,1-2822-00481/00010,https://www.dec.ny.gov/dardata/boss/afs/permits/128220048100010_r4.pdf,SHORE RD,GLENWOOD LANDING,NY,11547,11/05/2021,11/04/2026,POINT (-73.6494 40.83353)
ZENITH ENERGY TERMINALS BROOKLYN,2-6101-00105/00017,https://www.dec.ny.gov/dardata/boss/afs/permits/261010010500017_r3.pdf,25 PAIDGE AVE,BROOKLYN,NY,11222,03/13/2018,03/12/2023,POINT (-73.95206 40.73729)
OWENS-CORNING INSULATING SYSTEMS- FEURA BUSH,4-0122-00004/00039,https://www.dec.ny.gov/dardata/boss/afs/permits/401220000400039_r2_2.pdf,1277 FEURA BUSH RD,FEURA BUSH,NY,12067,10/03/2016,10/02/2021,POINT (-73.86901 42.58244)
FCINA - DELHI,4-1228-00027/00015,https://www.dec.ny.gov/dardata/boss/afs/permits/412280002700015_r4.pdf,40196 ST HWY 10,DELHI,NY,13753,09/21/2022,09/20/2027,POINT (-74.96461 42.24399)
FULTON COUNTY MUD RD SANITARY LANDFILL,5-1728-00005/00006,https://www.dec.ny.gov/dardata/boss/afs/permits/517280000500006_r3_1.pdf,847 MUD RD (ST RTE 67),JOHNSTOWN,NY,12095,03/20/2019,03/19/2024,POINT (-74.46733 43.00356)
COMMONWEALTH PLYWOOD INC,5-5352-00007/00023,https://www.dec.ny.gov/dardata/boss/afs/permits/553520000700023_r3.pdf,10068 US RTE 4,WHITEHALL,NY,12887,09/03/2015,10/18/2020,POINT (-73.38117 43.5487)
HAWKEYE ENERGY GREENPORT,1-4738-03119/00004,https://www.dec.ny.gov/dardata/boss/afs/permits/147380311900004_r2.pdf,1885 MOORES LN|SCTM # 1001-40-4-1.1,GREENPORT,NY,11944,01/07/2019,01/06/2024,POINT (-72.37326 41.10504)
RICHARD M FLYNN POWER PLANT,1-4722-00926/00006,https://www.dec.ny.gov/dardata/boss/afs/permits/147220092600006_r3.pdf,607 UNION AVE,HOLTSVILLE,NY,11742,01/10/2017,01/09/2022,POINT (-73.0651 40.81348)
MOOG INC,9-1442-00040/02003,https://www.dec.ny.gov/dardata/boss/afs/permits/914420004002003_r0_1.pdf,400 JAMISON RD,ELMA,NY,14059,08/28/2015,08/27/2020,POINT (-78.64658 42.80516)
EDGEWOOD ENERGY LLC,1-4728-03244/00005,https://www.dec.ny.gov/dardata/boss/afs/permits/147280324400005_r2.pdf,21 SAGTIKOS PKWY|SCTM 500-71-1-1.11,BRENTWOOD,NY,11717,10/14/2020,10/13/2025,
GERSHOW RECYCLING CORP,1-4722-00967/00009,https://www.dec.ny.gov/dardata/boss/afs/permits/147220096700009_r1.pdf,71 PECONIC AVE,MEDFORD,NY,11763,05/10/2007,05/13/2012,POINT (-72.98188 40.81706)
SENECA ENERGY LFGTE FACILITY,8-4532-00075/00029,https://www.dec.ny.gov/dardata/boss/afs/permits/845320007500029_r2.pdf,2053 ST RT 414|RENEWABLE RESOURCES PARK,SENECA FALLS,NY,13148,07/18/2013,07/18/2018,POINT (-76.83817 42.92299)
NAP - KENT AVENUE FACILITY,2-6101-00016/00004,https://www.dec.ny.gov/dardata/boss/afs/permits/261010001600004_r4.pdf,667 KENT AVE,BROOKLYN,NY,11249,06/15/2022,06/14/2027,POINT (-73.96347 40.70121)
BERGEN POINT WWTP,1-4720-00355/00043,https://www.dec.ny.gov/dardata/boss/afs/permits/147200035500043_r2.pdf,600 BERGEN AVE|SCTM  100-241-1-1.1,W BABYLON,NY,11704,04/28/2022,04/27/2027,POINT (-73.33803 40.6757)
WHEELABRATOR HUDSON FALLS,5-5344-00001/00016,https://www.dec.ny.gov/dardata/boss/afs/permits/553440000100016_r4_1.pdf,93 RIVER ST,HUDSON FALLS,NY,12839,11/27/2019,11/26/2024,POINT (-73.59339 43.30814)
ROSETON GENERATING STATION,3-3346-00075/00008,https://www.dec.ny.gov/dardata/boss/afs/permits/333460007500008_r3.pdf,992 RIVER RD,NEWBURGH,NY,12550,12/05/2016,12/04/2021,POINT (-73.97808 41.56682)
STONY POINT FACILITY,3-3928-00030/00036,https://www.dec.ny.gov/dardata/boss/afs/permits/339280003000036_r3.pdf,70 GRASSY POINT RD,STONY POINT,NY,10980,07/22/2020,07/21/2025,POINT (-73.96756 41.22477)
OHSWA REGIONAL LANDFILL,6-3024-00009/00007,https://www.dec.ny.gov/dardata/boss/afs/permits/630240000900007_r3.pdf,7044 ST RTE 294,AVA,NY,13309,02/08/2022,02/07/2027,POINT (-75.42097 43.46203)
CENEX TERMINALS,4-3814-00003/00014,https://www.dec.ny.gov/dardata/boss/afs/permits/438140000300014_r3.pdf,30-49-54 RIVERSIDE AVE,RENSSELAER,NY,12144,02/22/2016,02/21/2021,POINT (-73.74862 42.62716)
REENERGY BLACK RIVER,6-2240-00009/00007,https://www.dec.ny.gov/dardata/boss/afs/permits/622400000900007_r2_3.pdf,EUPHRATES RIVER VALLEY RD & ONEIDA AVE,FORT DRUM,NY,13602,05/20/2013,05/19/2018,POINT (-75.77157 44.03505)
HOLTSVILLE GT FACILITY,1-4722-00105/00022,https://www.dec.ny.gov/dardata/boss/afs/permits/147220010500022_r3.pdf,180 A MORRIS AVE,HOLTSVILLE,NY,11742,05/08/2017,05/07/2022,POINT (-73.05883 40.81731)
ALBERT EINSTEIN COLLEGE OF MEDICINE,2-6005-00133/00002,https://www.dec.ny.gov/dardata/boss/afs/permits/260050013300002_r4.pdf,1300 MORRIS PARK AVE,BRONX,NY,10461,08/31/2020,08/30/2025,POINT (-73.84443 40.85112)
BIG SIX TOWERS INC,2-6304-00404/00004,https://www.dec.ny.gov/dardata/boss/afs/permits/263040040400004_r2_1.pdf,59-55 47TH AVE,WOODSIDE,NY,11377,09/29/2016,01/30/2022,POINT (-73.9047 40.73998)
INTERNATIONAL IMAGING,9-1422-00093/00035,https://www.dec.ny.gov/dardata/boss/afs/permits/914220009300035_r2_2.pdf,310 COMMERCE DR,AMHERST,NY,14228,10/25/2016,10/24/2021,POINT (-78.80913 43.02722)
COMPRESSOR STATION 254,4-1026-00037/00029,https://www.dec.ny.gov/dardata/boss/afs/permits/410260003700029_r2.pdf,ST RTE 66 - E SIDE - S OF COUNTY LINE,RIDERS MILLS,NY,12123,08/11/2014,08/10/2019,
Cornell University Main Campus,7-5007-00030/00031,https://www.dec.ny.gov/dardata/boss/afs/permits/750070003000031_r2_2.pdf,COLLEGE AVE,ITHACA,NY,14853,02/28/2014,02/27/2019,
LACKAWANNA PLANT- REPUBLIC STEEL,9-1448-00178/00009,https://www.dec.ny.gov/dardata/boss/afs/permits/914480017800009_r3.pdf,3049 LAKESHORE RD,BLASDELL,NY,14219,12/14/2018,12/13/2023,POINT (-78.8464 42.80227)
BROOKLYN NAVY YARD COGENERATION PLANT,2-6101-00185/00008,https://www.dec.ny.gov/dardata/boss/afs/permits/261010018500008_r3.pdf,"63 FLUSHING AVE|BROOKLYN NAVY YARD, BLDG 41 UNIT #234",BROOKLYN,NY,11205,01/04/2018,01/03/2023,POINT (-73.97504 40.698)
CON ED-74TH STREET STA,2-6204-00019/00006,https://www.dec.ny.gov/dardata/boss/afs/permits/262040001900006_r2.pdf,506 E 75TH ST,NEW YORK,NY,10021,07/25/2014,07/24/2019,POINT (-73.95173 40.76856)
THE GUNLOCKE COMPANY,8-4674-00004/00104,https://www.dec.ny.gov/dardata/boss/afs/permits/846740000400104_r2.pdf,1 GUNLOCKE DR,WAYLAND,NY,14572,05/01/2013,04/30/2018,POINT (-77.59317 42.55429)
CAITHNESS LONG ISLAND ENERGY CENTER,1-4722-04426/00007,https://www.dec.ny.gov/dardata/boss/afs/permits/147220442600007.pdf,50 ZORN BLVD,SOUTH YAPHANK,NY,11980,01/10/2012,01/11/2017,POINT (-72.94192 40.81408)
SYRACUSE LLC,7-3132-00035/00034,https://www.dec.ny.gov/dardata/boss/afs/permits/731320003500034_r2.pdf,300 BELLE ISLE RD,SOLVAY,NY,13209,02/04/2015,02/03/2020,POINT (-76.22791 43.0671)
GENERAL ELECTRIC STEAM TURBINE GENERATOR GLOBAL,4-4215-00054/00173,https://www.dec.ny.gov/dardata/boss/afs/permits/442150005400173_r1_5.pdf,1 RIVER RD,SCHENECTADY,NY,12345,04/06/2015,04/05/2020,POINT (-73.95172 42.8099)
GREEN RIDGE RDF,5-4146-00018/00009,https://www.dec.ny.gov/dardata/boss/afs/permits/541460001800009_r1.pdf,424 PETERS RD,GANSEVOORT,NY,12831,10/05/2021,10/04/2026,POINT (-73.58806 43.19109)
MADISON COUNTY LANDFILL,7-2538-00011/00007,https://www.dec.ny.gov/dardata/boss/afs/permits/725380001100007_r2.pdf,BUYEA RD - W SIDE - N OF EDDY RD,CANASTOTA,NY,13032,01/26/2023,01/25/2028,POINT (-75.70074 43.0281)
ONTARIO COUNTY LFG TO ENERGY FACILITY,8-3244-00040/00002,https://www.dec.ny.gov/dardata/boss/afs/permits/832440004000002_r1.pdf,3555 POST FARM RD|ONTARIO COUNTY LANDFILL,STANLEY,NY,14561,10/30/2012,10/29/2017,POINT (-77.07756 42.85298)
GENPAK LLC MIDDLETOWN MAIN PLANT,3-3309-00064/00013,https://www.dec.ny.gov/dardata/boss/afs/permits/333090006400013_r3.pdf,26 REPUBLIC PLZ,MIDDLETOWN,NY,10940,06/20/2017,06/19/2022,POINT (-74.41996 41.43099)
AMERICAN PACKAGING CORP,8-2614-00117/00038,https://www.dec.ny.gov/dardata/boss/afs/permits/826140011700038_r2.pdf,777 DRIVING PARK AVE,ROCHESTER,NY,14613,09/10/2012,09/09/2017,POINT (-77.65126 43.18195)
GOOD SAMARITAN HOSPITAL,3-3926-00041/00005,https://www.dec.ny.gov/dardata/boss/afs/permits/339260004100005_r4.pdf,255 LAFAYETTE AVE,SUFFERN,NY,10901,09/20/2021,09/19/2026,POINT (-74.13563 41.11235)
CON ED-EAST RIVER GENERATING STATION,2-6206-00012/00016,https://www.dec.ny.gov/dardata/boss/afs/permits/262060001200016_r2.pdf,701-827 E 14TH ST,NEW YORK,NY,10009,11/17/2014,11/16/2019,POINT (-73.97359 40.72756)
SELKIRK COGENERATION PROJECT,4-0122-00078/00013,https://www.dec.ny.gov/dardata/boss/afs/permits/401220007800013_r2.pdf,24 POWER PARK DR,SELKIRK,NY,12158,02/04/2022,02/03/2027,POINT (-73.86066 42.5744)
FLEXO TRANSPARENT LLC (CP Buffalo),9-1402-00574/00026,https://www.dec.ny.gov/dardata/boss/afs/permits/914020057400026_r1.pdf,28 WASSON ST,BUFFALO,NY,14210,04/22/2019,04/21/2024,POINT (-78.83427 42.87209)
NARROWS GENERATING STATION,2-6102-00086/00011,https://www.dec.ny.gov/dardata/boss/afs/permits/261020008600011_r3.pdf,53RD ST & FIRST AVE|4 WHALE SQUARE,BROOKLYN,NY,11232,03/24/2020,03/23/2025,POINT (-74.022 40.64941)
SUNOCO SYRACUSE TED PARK TERMINAL,7-3156-00030/00023,https://www.dec.ny.gov/dardata/boss/afs/permits/731560003000023_r2.pdf,2951 ENERGY DR,WARNERS,NY,13164,03/18/2021,03/17/2026,POINT (-76.30107 43.09775)
CERTAINTEED GYPSUM BUCHANAN LLC,3-5522-00087/00019,https://www.dec.ny.gov/dardata/boss/afs/permits/355220008700019_r3.pdf,350 BROADWAY,BUCHANAN,NY,10511,07/20/2020,07/19/2025,POINT (-73.95185 41.2612)
ASTORIA GENERATING STATION,2-6301-00185/00009,https://www.dec.ny.gov/dardata/boss/afs/permits/263010018500009_r3_1.pdf,18-01 20TH AVE,ASTORIA,NY,11105,04/25/2018,04/24/2023,POINT (-73.91441 40.78545)
VALHALLA CAMPUS (GRASSLANDS),3-5534-00189/00001,https://www.dec.ny.gov/dardata/boss/afs/permits/355340018900001_r4.pdf,35 WOODS RD|OPERATIONS BUILDING,VALHALLA,NY,10595,06/08/2022,06/07/2027,POINT (-73.80326 41.0854)
BALL METAL BEVERAGE CONTAINER CORP,3-3352-00039/00029,https://www.dec.ny.gov/dardata/boss/afs/permits/333520003900029_r3.pdf,95 BALLARD RD,MIDDLETOWN,NY,10940,07/09/2020,07/08/2025,POINT (-74.36403 41.4611)
AMERICAN PACKAGING CORP,8-2622-00202/00001,https://www.dec.ny.gov/dardata/boss/afs/permits/826220020200001_r1.pdf,100 APC DR,CHILI,NY,14428,12/09/2022,12/08/2027,
FREEPORT POWER PLANT #2,1-2820-00358/00002,https://www.dec.ny.gov/dardata/boss/afs/permits/128200035800002_r2.pdf,289 BUFFALO AVE|62-D-397,FREEPORT,NY,11520,07/19/2016,07/18/2021,POINT (-73.56966 40.64766)
HIGH ACRES LANDFILL & RECYCLING CENTER,8-9908-00162/00043,https://www.dec.ny.gov/dardata/boss/afs/permits/899080016200043_r2.pdf,425 PERINTON PKWY,FAIRPORT,NY,14450,12/02/2016,12/01/2021,POINT (-77.37741 43.08825)
NEW YORK PRESBYTERIAN HOSPITAL,2-6201-00005/00007,https://www.dec.ny.gov/dardata/boss/afs/permits/262010000500007_r3.pdf,622 W 168TH ST,NEW YORK,NY,10032,11/01/2018,10/31/2023,POINT (-73.94084 40.84153)
NUCOR STEEL AUBURN INC,7-0501-00044/00007,https://www.dec.ny.gov/dardata/boss/afs/permits/705010004400007_r2.pdf,25 QUARRY RD,AUBURN,NY,13021,10/13/2021,10/12/2026,POINT (-76.57045 42.95095)
SUMITOMO RUBBER USA LLC,9-1464-00030/00199,https://www.dec.ny.gov/dardata/boss/afs/permits/914640003000199_r3.pdf,10 SHERIDAN DR,TONAWANDA,NY,14150,01/23/2018,01/22/2023,POINT (-78.9214 42.96677)
VULCRAFT OF NEW YORK INC,8-0728-00033/00003,https://www.dec.ny.gov/dardata/boss/afs/permits/807280003300003_r2.pdf,621 MAIN ST,CHEMUNG,NY,14892,03/31/2021,03/30/2026,POINT (-76.6119 42.00756)
SPRAGUE OPERATING RESOURCES LLC,1-2820-01085/00006,https://www.dec.ny.gov/dardata/boss/afs/permits/128200108500006_r2_1.pdf,1 BAY BLVD,LAWRENCE,NY,11559,01/17/2012,01/16/2017,POINT (-73.7383 40.62808)
PACTIV LLC,8-3224-00108/00116,https://www.dec.ny.gov/dardata/boss/afs/permits/832240010800116_r2.pdf,5250 NORTH ST,CANANDAIGUA,NY,14424,08/28/2017,08/27/2022,POINT (-77.30165 42.90168)
OWLS HEAD WASTEWATER RESOURCE RECOVERY FACILITY,2-6102-00005/00017,https://www.dec.ny.gov/dardata/boss/afs/permits/261020000500017_r2.pdf,6700 SHORE RD,BROOKLYN,NY,11220,04/11/2014,04/10/2019,POINT (-74.03232 40.64144)
REVERE SMELTING & REFINING CORP,3-3352-00145/00049,https://www.dec.ny.gov/dardata/boss/afs/permits/333520014500049_r3.pdf,65 BALLARD RD,MIDDLETOWN,NY,10941,04/26/2021,04/25/2026,POINT (-74.36064 41.46064)
SAMUEL A CARLSON GENERATING STATION,9-0608-00053/00019,https://www.dec.ny.gov/dardata/boss/afs/permits/906080005300019_r2.pdf,136 STEELE ST,JAMESTOWN,NY,14701,01/21/2022,01/20/2027,POINT (-79.24695 42.09289)
STEINWAY & SONS - QUEENS FACILITY,2-6301-00005/00027,https://www.dec.ny.gov/dardata/boss/afs/permits/263010000500027_r3.pdf,1 STEINWAY PL,LONG ISLAND CITY,NY,11105,11/22/2016,01/23/2022,
MASSENA ENERGY FACILITY,6-4058-00046/00009,https://www.dec.ny.gov/dardata/boss/afs/permits/640580004600009_r3.pdf,ALCOA POWER CANAL RD|N MAIN ST GATE,MASSENA,NY,13662,10/05/2018,09/30/2023,
ONONDAGA CO RESOURCE RECOVERY FACILITY,7-3142-00028/00009,https://www.dec.ny.gov/dardata/boss/afs/permits/731420002800009_r2.pdf,5801 ROCK CUT RD,JAMESVILLE,NY,13078,01/25/2021,01/24/2026,POINT (-76.11453 43.00501)
CRICKET VALLEY ENERGY CENTER,3-1326-00275/00009,https://www.dec.ny.gov/dardata/boss/afs/permits/313260027500009_r0_2.pdf,2241 ST RTE 22,DOVER PLAINS,NY,12522,02/03/2016,02/02/2021,POINT (-73.57696 41.67728)
CORNING DIESEL MANUFACTURING FACILITY,8-4642-00108/00002,https://www.dec.ny.gov/dardata/boss/afs/permits/846420010800002_r1.pdf,890 ADDISON RD (ST RTE 417),PAINTED POST,NY,14870,04/28/2016,04/27/2021,POINT (-77.15822 42.11039)
PORT JEFFERSON ENERGY CENTER,1-4722-04141/00003,https://www.dec.ny.gov/dardata/boss/afs/permits/147220414100003_r2.pdf,700 BEACH ST|SCTM: 206-7-1-1.3,PORT JEFFERSON,NY,11777,07/17/2018,07/16/2023,POINT (-73.07628 40.94989)
AMCOR FLEXIBLES NORTH AMERICA INC,1-4728-04190/00004,https://www.dec.ny.gov/dardata/boss/afs/permits/147280419000004_r2_2.pdf,100 WILSHIRE BLVD,EDGEWOOD,NY,11717,03/17/2021,03/16/2026,POINT (-73.29256 40.77945)
EMPIRE POWER PLANT,4-3814-00052/00009,https://www.dec.ny.gov/dardata/boss/afs/permits/438140005200009_r1.pdf,75 RIVERSIDE AVE,RENSSELAER,NY,12144,12/15/2021,12/14/2026,POINT (-73.74965 42.62431)
KINGS PLAZA ENERGY LLC,2-6105-00301/00010,https://www.dec.ny.gov/dardata/boss/afs/permits/261050030100010_r4.pdf,5100 KINGS PLZ,BROOKLYN,NY,11234,11/17/2022,11/16/2027,POINT (-73.92085 40.60849)
CARTHAGE ENERGY COGEN FACILITY,6-2260-00024/00007,https://www.dec.ny.gov/dardata/boss/afs/permits/622600002400007_r3.pdf,701 W END AVE,CARTHAGE,NY,13619,08/19/2020,07/31/2025,POINT (-75.62065 43.98503)
BIRD ISLAND STP,9-1402-00154/00007,https://www.dec.ny.gov/dardata/boss/afs/permits/914020015400007_r2.pdf,90 W FERRY ST,BUFFALO,NY,14213,09/09/2016,09/08/2021,POINT (-78.903167 42.917188)
PORT JEFFERSON POWER STATION,1-4722-00107/00025,https://www.dec.ny.gov/dardata/boss/afs/permits/147220010700025_r3.pdf,700 BEACH ST,PORT JEFFERSON,NY,11777,10/25/2016,10/24/2021,POINT (-73.07628 40.94989)
GLOBAL COMPANIES LLC - ALBANY TERMINAL,4-0101-00112/00029,https://www.dec.ny.gov/dardata/boss/afs/permits/401010011200029_r2_4.pdf,50 CHURCH ST - PORT OF ALBANY,ALBANY,NY,12202,03/03/2011,03/02/2016,POINT (-73.75241 42.64232)
GE GLOBAL RESEARCH CENTER,4-4224-00001/00103,https://www.dec.ny.gov/dardata/boss/afs/permits/442240000100103_r2.pdf,1 RESEARCH CIR,NISKAYUNA,NY,12309,12/08/2017,12/07/2022,POINT (-73.87884 42.82624)
COVANTA HUNTINGTON LLC,1-4726-00790/00004,https://www.dec.ny.gov/dardata/boss/afs/permits/147260079000004_r3.pdf,99 TOWN LINE RD,E NORTHPORT,NY,11731,02/15/2018,02/14/2023,POINT (-73.28757 40.88161)
RAVENSWOOD GENERATING STATION,2-6304-00024/00039,https://www.dec.ny.gov/dardata/boss/afs/permits/263040002400039_r3.pdf,38-54 VERNON BLVD,QUEENS,NY,11101,04/28/2020,04/27/2025,POINT (-73.94642 40.75724)
BORGER STATION,7-5024-00007/00004,https://www.dec.ny.gov/dardata/boss/afs/permits/750240000700004_r3.pdf,219 ELLIS HOLLOW CK RD,ITHACA,NY,14850,12/04/2020,12/03/2025,POINT (-76.40752 42.43847)
ONTARIO CO LANDFILL,8-3244-00004/00007,https://www.dec.ny.gov/dardata/boss/afs/permits/832440000400007_r2_1.pdf,1879 ST RTE 5 & 20,STANLEY,NY,14561,12/02/2014,12/01/2019,POINT (-77.08127 42.86074)
WM ONEIDA HERKIMER RENEWABLE ENERGY FACILITY,6-3024-00025/00001,https://www.dec.ny.gov/dardata/boss/afs/permits/630240002500001_r2.pdf,7044 ST RTE 294,AVA,NY,13309,03/14/2022,03/13/2027,POINT (-75.42097 43.46203)
MAIMONIDES MEDICAL CENTER,2-6103-00760/00002,https://www.dec.ny.gov/dardata/boss/afs/permits/261030076000002_r4.pdf,4802 TENTH AVE,BROOKLYN,NY,11219,10/26/2021,10/25/2026,POINT (-73.99846 40.63924)
LONG ISLAND JEWISH MEDICAL CENTER,2-6307-00290/00001,https://www.dec.ny.gov/dardata/boss/afs/permits/263070029000001_r3.pdf,270-05 76TH AVE,NEW HYDE PARK,NY,11040,11/29/2017,11/28/2022,POINT (-73.70727 40.75441)
TRINITY PACKAGING - A DIVISION OF PROAMPAC,9-1430-00110/00021,https://www.dec.ny.gov/dardata/boss/afs/permits/914300011000021_r2_2.pdf,55 INNSBRUCK DR,CHEEKTOWAGA,NY,14227,05/14/2013,05/13/2018,POINT (-78.75108 42.87254)
SOUTH OSWEGO TERMINAL,7-3542-00024/00010,https://www.dec.ny.gov/dardata/boss/afs/permits/735420002400010_r2.pdf,RIDGE RD & CO RTE 20,OSWEGO,NY,13126,01/11/2016,01/31/2021,POINT (-76.51281 43.41047)
KEYMARK CORP PLANT,4-2732-00014/00057,https://www.dec.ny.gov/dardata/boss/afs/permits/427320001400057_r4.pdf,1188 CAYADUTTA ST,FONDA,NY,12068,11/09/2021,11/08/2026,
EQUUS FREEPORT POWER GENERATING STATION,1-2820-04508/00005,https://www.dec.ny.gov/dardata/boss/afs/permits/128200450800005_r1.pdf,289 BUFFALO AVE,FREEPORT,NY,11520,07/07/2015,07/06/2020,POINT (-73.56966 40.64766)
KNOWLTON TECHNOLOGIES LLC,6-2218-00017/00009,https://www.dec.ny.gov/dardata/boss/afs/permits/622180001700009_r3.pdf,213 FACTORY ST,WATERTOWN,NY,13601,12/27/2022,12/26/2027,POINT (-75.90658 43.97534)
NEWTOWN CREEK WASTEWATER RESOURCE RECOVERY FACILITY,2-6101-00025/00057,https://www.dec.ny.gov/dardata/boss/afs/permits/261010002500057_r2.pdf,329-69 GREENPOINT AVE,BROOKLYN,NY,11222,10/02/2019,10/01/2024,POINT (-73.94612 40.73153)
MILL SERVICES INC,4-4326-00017/02002,https://www.dec.ny.gov/dardata/boss/afs/permits/443260001702002_r1.pdf,128 MACARTHUR AVE,COBLESKILL,NY,12043,09/27/2018,09/26/2023,POINT (-74.49267 42.67455)
NORLITE LLC,4-0103-00016/00048,https://www.dec.ny.gov/dardata/boss/afs/permits/401030001600048_r1_6.pdf,628 S SARATOGA ST,COHOES,NY,12047,12/31/2015,12/31/2020,POINT (-73.70105 42.75442)
DANSKAMMER GENERATING STATION,3-3346-00011/00017,https://www.dec.ny.gov/dardata/boss/afs/permits/333460001100017_r3.pdf,994 RIVER RD,NEWBURGH,NY,12550,04/08/2020,04/08/2025,POINT (-73.97836 41.5664)
SENECA MEADOWS SWMF,8-4532-00023/00041,https://www.dec.ny.gov/dardata/boss/afs/permits/845320002300041_r2_4.pdf,1786 SALCMAN RD,WATERLOO,NY,13165,11/21/2018,11/20/2023,POINT (-76.84346 42.91465)
ALGONQUIN GAS: STONY POINT COMPRESSOR STA,3-3928-00001/00027,https://www.dec.ny.gov/dardata/boss/afs/permits/339280000100027_r4.pdf,LINDBERG RD,STONY POINT,NY,10980,06/02/2021,06/01/2026,
NOVELIS CORPORATION,7-3556-00001/00097,https://www.dec.ny.gov/dardata/boss/afs/permits/735560000100097_r2.pdf,448 CO RTE 1A,OSWEGO,NY,13126,02/27/2023,02/27/2028,POINT (-76.44843 43.4872)
COLUMBIA UNIVERSITY-410 W 118TH ST,2-6202-00167/00005,https://www.dec.ny.gov/dardata/boss/afs/permits/262020016700005_r4.pdf,410 W 118TH ST,NEW YORK,NY,10027,12/17/2020,12/16/2025,POINT (-73.95882 40.80758)
BEAVER FALLS LLC,6-2320-00018/00010,https://www.dec.ny.gov/dardata/boss/afs/permits/623200001800010_r3_1.pdf,9644 MAIN ST,BEAVER FALLS,NY,13305,03/20/2018,03/31/2023,POINT (-75.4322 43.8862)
SYRACUSE UNIVERSITY - STEAM STATION,7-3115-00204/00007,https://www.dec.ny.gov/dardata/boss/afs/permits/731150020400007_r1.pdf,500 EAST TAYLOR ST,SYRACUSE,NY,13244,06/22/2021,06/21/2026,POINT (-76.14347 43.03946)
ROCHDALE VILLAGE,2-6307-00273/00001,https://www.dec.ny.gov/dardata/boss/afs/permits/263070027300001_r3.pdf,132-11 BEDELL ST,QUEENS,NY,11434,06/07/2016,06/06/2021,POINT (-73.76986 40.67747)
CFSWMA REGIONAL SOLID WASTE DISPOSAL FAC,5-1699-00003/00019,https://www.dec.ny.gov/dardata/boss/afs/permits/516990000300019_r1.pdf,828 CO RTE 20,CONSTABLE,NY,12926,12/18/2018,01/15/2024,POINT (-74.34224 44.97529)
GLENWOOD LANDING ENERGY CENTER,1-2824-02146/00003,https://www.dec.ny.gov/dardata/boss/afs/permits/128240214600003_r2.pdf,SHORE RD,GLENWOOD LANDING,NY,11547,07/17/2018,07/16/2023,POINT (-73.6494 40.83353)
AMERICAN SUGAR REFINING INC,3-5518-00214/00019,https://www.dec.ny.gov/dardata/boss/afs/permits/355180021400019_r2_1.pdf,1 FEDERAL ST,YONKERS,NY,10705,09/22/2020,09/21/2025,POINT (-73.90427 40.92717)
SOUTHOLD GT FACILITY,1-4738-00455/00004,https://www.dec.ny.gov/dardata/boss/afs/permits/147380045500004_r4_1.pdf,ST RTE 25 - W OF CHAPEL LN,SOUTHOLD,NY,11944,11/02/2022,11/01/2027,POINT (-72.38775 41.09378)
THOMAS J WATSON RESEARCH CENTER,3-5554-00036/00023,https://www.dec.ny.gov/dardata/boss/afs/permits/355540003600023_r3.pdf,1101 KITCHAWAN RD/ST RTE 134,YORKTOWN HEIGHTS,NY,10598,11/20/2018,11/19/2023,POINT (-73.80351 41.23916)
NYC-TA CONEY ISLAND YARD,2-6107-00079/00009,https://www.dec.ny.gov/dardata/boss/afs/permits/261070007900009_r3.pdf,2556 MCDONALD AVE @ AVE X,BROOKLYN,NY,11223,05/24/2019,05/23/2024,POINT (-73.97421 40.5901)
BASF CORP,3-5512-00041/00083,https://www.dec.ny.gov/dardata/boss/afs/permits/355120004100083_r2.pdf,1057 LOWER SOUTH ST,PEEKSKILL,NY,10566,10/10/2012,10/09/2017,POINT (-73.93507 41.27379)
TGP COMPRESSOR STATION 233,8-2452-00008/00007,https://www.dec.ny.gov/dardata/boss/afs/permits/824520000800007_r4.pdf,2251 DOW RD,PIFFARD,NY,14533,01/07/2021,01/06/2026,POINT (-77.91489 42.84602)
ALLIANCE ENERGY - SHOEMAKER GAS TURBINE FACILITY,3-3309-00040/00004,https://www.dec.ny.gov/dardata/boss/afs/permits/333090004000004_r4.pdf,71 DOLSON AVE,MIDDLETOWN,NY,10940,02/23/2022,02/22/2027,POINT (-74.42232 41.43344)
HAMMER PACKAGING CORP,8-2632-00225/00003,https://www.dec.ny.gov/dardata/boss/afs/permits/826320022500003_r2.pdf,200 LUCIUS GORDON DR,WEST HENRIETTA,NY,14586,04/24/2020,04/23/2025,POINT (-77.68264 43.06838)
EF BARRETT POWER STATION,1-2820-00553/00025,https://www.dec.ny.gov/dardata/boss/afs/permits/128200055300025_r3.pdf,1 MCCARTHY RD,ISLAND PARK,NY,11558,04/26/2016,04/25/2021,POINT (-73.64678 40.6143)
HYLAND LANDFILL,9-0232-00003/00012,https://www.dec.ny.gov/dardata/boss/afs/permits/902320000300012_r1.pdf,6653 HERDMAN RD,ANGELICA,NY,14709,08/22/2019,08/21/2024,
BROOME COUNTY LFG RECOVERY FACILITY,7-0399-00011/00004,https://www.dec.ny.gov/dardata/boss/afs/permits/703990001100004_r1.pdf,286 KNAPP RD,NANTICOKE,NY,13905,10/30/2015,11/22/2020,POINT (-75.98152 42.23873)
VANDEMARK CHEMICAL INC,9-2909-00107/00001,https://www.dec.ny.gov/dardata/boss/afs/permits/929090010700001_r3.pdf,1 NORTH TRANSIT RD,LOCKPORT,NY,14094,05/06/2016,05/05/2021,POINT (-78.69779 43.18392)
SI GROUP INC - ROTTERDAM JUNCTION FACILITY,4-4228-00056/00469,https://www.dec.ny.gov/dardata/boss/afs/permits/442280005600469_r2_2.pdf,1000 MAIN ST (ST RTE 5S),ROTTERDAM JUNCTION,NY,12150,06/16/2016,05/31/2021,POINT (-74.0287 42.86108)
POLY-PAK MFG PLANT,1-4726-00258/00037,https://www.dec.ny.gov/dardata/boss/afs/permits/147260025800037_r4.pdf,125 SPAGNOLI RD,MELVILLE,NY,11747,06/08/2022,06/07/2027,POINT (-73.42558 40.76145)
MACARTHUR RESOURCE RECOVERY FACILITY,1-4728-00185/00012,https://www.dec.ny.gov/dardata/boss/afs/permits/147280018500012_r2.pdf,4001 VETERANS MEMORIAL HWY,RONKONKOMA,NY,11779,09/21/2012,09/20/2017,POINT (-73.10682 40.78408)
RAVENA CEMENT PLANT,4-0124-00001/00112,https://www.dec.ny.gov/dardata/boss/afs/permits/401240000100112_r1_21.pdf,1916 US RTE 9W,RAVENA,NY,12143,09/10/2010,09/12/2015,POINT (-73.8204 42.50516)
GREENIDGE STATION,8-5736-00004/00017,https://www.dec.ny.gov/dardata/boss/afs/permits/857360000400017_r0_1.pdf,590 PLANT RD,DRESDEN,NY,14441,09/07/2016,09/06/2021,
BRONX ZOO,2-6005-00125/00003,https://www.dec.ny.gov/dardata/boss/afs/permits/260050012500003_r2.pdf,2300 SOUTHERN BLVD,BRONX,NY,10460,04/19/2018,04/18/2023,POINT (-73.8819 40.85102)
BUCKEYE RENSSELAER TERMINAL,4-3824-00019/00013,https://www.dec.ny.gov/dardata/boss/afs/permits/438240001900013_r3.pdf,367 AMERICAN OIL RD,RENSSELAER,NY,12144,02/14/2014,02/13/2019,POINT (-73.75204 42.61024)
GENERAL MILLS OPERATIONS LLC,9-1402-00565/00179,https://www.dec.ny.gov/dardata/boss/afs/permits/914020056500179_r1_3.pdf,54 S MICHIGAN AVE,BUFFALO,NY,14203,06/17/2009,06/16/2014,POINT (-78.8755 42.87072)
NEW YORK PRESBYTERIAN BROOKLYN METHODIST HOSPITAL,2-6103-00158/00001,https://www.dec.ny.gov/dardata/boss/afs/permits/261030015800001_r4.pdf,506 6TH ST,BROOKLYN,NY,11215,08/23/2019,03/15/2025,POINT (-73.97927 40.66831)
MOMENTIVE PERFORMANCE MATERIALS,5-4154-00002/01743,https://www.dec.ny.gov/dardata/boss/afs/permits/541540000201743_r3_1.pdf,260 HUDSON RIVER RD,WATERFORD,NY,12188,06/05/2018,06/04/2023,POINT (-73.66532 42.81715)
INDECK-YERKES ENERGY SERVICES,9-1464-00153/00004,https://www.dec.ny.gov/dardata/boss/afs/permits/914640015300004_r2_1.pdf,1 SHERIDAN DR,TONAWANDA,NY,14150,11/08/2016,11/07/2021,POINT (-78.92146 42.96672)
PINELAWN POWER,1-4720-03061/00005,https://www.dec.ny.gov/dardata/boss/afs/permits/147200306100005_r2.pdf,380 PATTON AVE|NEXT TO BABYLON RESOURCE RECOVERY,WEST BABYLON,NY,11704,01/28/2016,01/27/2021,POINT (-73.38869 40.73693)
TOWN OF COLONIE LANDFILL FACILITY,4-0126-00033/00009,https://www.dec.ny.gov/dardata/boss/afs/permits/401260003300009_r3.pdf,1319 LOUDON RD,COHOES,NY,12047,11/05/2020,11/04/2025,POINT (-73.73231 42.80899)
BALL METAL BEVERAGE CONTAINER CORP,5-4115-00002/00129,https://www.dec.ny.gov/dardata/boss/afs/permits/541150000200129_r4.pdf,11 ADAMS RD|CADY HILL INDUSTRIAL PARK,SARATOGA SPRINGS,NY,12866,08/04/2020,08/03/2025,POINT (-73.82356 43.06051)
INNOVATIVE DANC,6-2252-00018/00001,https://www.dec.ny.gov/dardata/boss/afs/permits/622520001800001_r3.pdf,23400 ST RTE 177,RODMAN,NY,13682,12/05/2022,12/04/2027,POINT (-75.90381 43.82498)
WADING RIVER GT FACILITY,1-4722-00108/00020,https://www.dec.ny.gov/dardata/boss/afs/permits/147220010800020_r4.pdf,NORTH COUNTRY RD,SHOREHAM,NY,11786,05/05/2022,05/04/2027,
RIVERBAY CORP-CO-OP CITY,2-6003-00038/00008,https://www.dec.ny.gov/dardata/boss/afs/permits/260030003800008_r3.pdf,2049 BARTOW AVE,BRONX,NY,10475,06/11/2018,06/10/2023,POINT (-73.8294 40.86943)
CONCORD COMPRESSOR STATION,9-1438-00044/00014,https://www.dec.ny.gov/dardata/boss/afs/permits/914380004400014_r3.pdf,5510 GENESEE RD,SPRINGVILLE,NY,14141,05/04/2018,05/03/2023,POINT (-78.78338 42.55486)
CHAFFEE LANDFILL,9-1462-00001/00013,https://www.dec.ny.gov/dardata/boss/afs/permits/914620000100013_r2.pdf,10860 OLEAN RD,CHAFFEE,NY,14030,01/13/2015,01/12/2020,POINT (-78.48798 42.58262)
N 1ST STREET PLANT,2-6101-01077/00003,https://www.dec.ny.gov/dardata/boss/afs/permits/261010107700003_r2.pdf,N 1ST ST & RIVER ST,BROOKLYN,NY,11249,01/15/2016,01/14/2021,POINT (-73.96573 40.71724)
ALGONQUIN GAS SOUTHEAST COMPRESSOR STATION,3-3730-00060/00013,https://www.dec.ny.gov/dardata/boss/afs/permits/337300006000013_r4.pdf,142 TULIP RD,BREWSTER,NY,10509,11/17/2020,11/17/2025,POINT (-73.54829 41.38554)
BUFFALO TERMINAL,9-1402-00600/00025,https://www.dec.ny.gov/dardata/boss/afs/permits/914020060000025_r3.pdf,625 ELK ST,BUFFALO,NY,14210,07/06/2015,07/05/2020,POINT (-78.83089 42.86573)
HURON CAMPUS,7-0346-00160/00001,https://www.dec.ny.gov/dardata/boss/afs/permits/703460016000001_r1.pdf,1701 NORTH ST - BLDG 39,ENDICOTT,NY,13760,01/21/2014,01/20/2019,POINT (-76.04714 42.10498)
ERWIN MANUFACTURING COMPLEX,8-4642-00009/00109,https://www.dec.ny.gov/dardata/boss/afs/permits/846420000900109_r2_1.pdf,792 ADDISON RD - S HAMILTON RD,PAINTED POST,NY,14870,06/26/2012,06/25/2017,POINT (-77.14197 42.114)
SHOREHAM ENERGY LLC,1-4722-04133/00003,https://www.dec.ny.gov/dardata/boss/afs/permits/147220413300003_r2.pdf,227 N COUNTRY RD,SHOREHAM,NY,11786,10/14/2020,10/13/2025,POINT (-72.86835 40.95736)
CONEY ISLAND WASTEWATER RESOURCE RECOVERY FACILITY,2-6107-00004/00017,https://www.dec.ny.gov/dardata/boss/afs/permits/261070000400017_r2.pdf,2591 KNAPP ST,BROOKLYN,NY,11235,01/22/2016,01/21/2021,POINT (-73.9322 40.59036)
TBG COGEN FACILITY,1-2824-00947/00004,https://www.dec.ny.gov/dardata/boss/afs/permits/128240094700004_r3.pdf,939 S BROADWAY,HICKSVILLE,NY,11801,01/11/2016,01/10/2021,POINT (-73.5015 40.74732)
KM PHOENIX HOLDINGS LLC - BROOKLYN TERMINAL,2-6101-00055/00021,https://www.dec.ny.gov/dardata/boss/afs/permits/261010005500021_r3_2.pdf,125 APOLLO ST,BROOKLYN,NY,11222,06/14/2016,07/24/2021,POINT (-73.93811 40.72822)
CITGO HOLDING TERMINALS LLC GLENMONT TERMINAL,4-0122-00027/00012,https://www.dec.ny.gov/dardata/boss/afs/permits/401220002700012_r2.pdf,495 RIVER RD,GLENMONT,NY,12077,12/12/2011,12/11/2016,POINT (-73.76652 42.58632)
HUNTS POINT AVENUE COMPRESSOR STATION,2-6007-00190/00002,https://www.dec.ny.gov/dardata/boss/afs/permits/260070019000002_r3.pdf,332 HUNTS POINT AVE,BRONX,NY,10474,12/28/2018,12/27/2023,POINT (-73.89893 40.80605)
ARKEMA INC,8-2452-00006/00191,https://www.dec.ny.gov/dardata/boss/afs/permits/824520000600191_r2.pdf,3289 GENESEE ST,PIFFARD,NY,14533,03/24/2014,03/23/2019,POINT (-77.84676 42.8277)
FINCH PAPER LLC,5-5205-00005/00059,https://www.dec.ny.gov/dardata/boss/afs/permits/552050000500059_r4_1.pdf,1 GLEN ST,GLENS FALLS,NY,12801,12/20/2021,12/19/2026,POINT (-73.64217 43.30737)
CON ED - ASTORIA FACILITY,2-6301-00006/00081,https://www.dec.ny.gov/dardata/boss/afs/permits/263010000600081_r3.pdf,31-01 20TH AVE,ASTORIA,NY,11105,09/27/2019,09/26/2024,POINT (-73.9061 40.77958)
RENSSELAER COGEN FACILITY,4-3814-00029/00024,https://www.dec.ny.gov/dardata/boss/afs/permits/438140002900024_r3.pdf,39 RIVERSIDE AVE,RENSSELAER,NY,12144,10/04/2022,10/03/2027,POINT (-73.74987 42.63169)
TGP COMPRESSOR STATION 245,6-2156-00018/00021,https://www.dec.ny.gov/dardata/boss/afs/permits/621560001800021_r4_1.pdf,457 BURROWS RD,WEST WINFIELD,NY,13491,06/02/2021,06/01/2026,POINT (-75.17119 42.87434)
Sylvamo Ticonderoga Mill,5-1548-00008/00081,https://www.dec.ny.gov/dardata/boss/afs/permits/515480000800081_r4.pdf,568 SHORE AIRPORT RD,TICONDEROGA,NY,12883,03/03/2022,03/18/2027,POINT (-73.40578 43.88923)
GLOBAL COMPANIES - NORTH TERMINAL,3-3348-00087/00005,https://www.dec.ny.gov/dardata/boss/afs/permits/333480008700005_r3.pdf,1254 RIVER RD|HUDSON RIVER,NEW WINDSOR,NY,12553,04/05/2016,04/04/2021,POINT (-74.01038 41.48536)
L & J G STICKLEY INC,7-3138-00015/00020,https://www.dec.ny.gov/dardata/boss/afs/permits/731380001500020_r2.pdf,1 STICKLEY DR,MANLIUS,NY,13104,05/04/2022,05/03/2027,POINT (-75.98843 43.00284)
AURUBIS BUFFALO INC,9-1402-00021/00081,https://www.dec.ny.gov/dardata/boss/afs/permits/914020002100081_r3.pdf,70 SAYRE ST,BUFFALO,NY,14207,05/23/2022,05/23/2027,POINT (-78.89284 42.94765)
ROCKEFELLER UNIVERSITY,2-6204-00118/00005,https://www.dec.ny.gov/dardata/boss/afs/permits/262040011800005_r3.pdf,1188 YORK AVE,NEW YORK,NY,10065,02/08/2022,02/07/2027,POINT (-73.95748 40.76173)
KENNEDY VALVE DIV MC WANE INC,8-0704-00025/00059,https://www.dec.ny.gov/dardata/boss/afs/permits/807040002500059_r1_1.pdf,1021 E WATER ST,ELMIRA,NY,14901,12/03/2014,12/02/2019,POINT (-76.7871 42.09005)
CON ED-59TH ST STATION,2-6202-00032/00013,https://www.dec.ny.gov/dardata/boss/afs/permits/262020003200013_r2.pdf,850 12TH AVE,NEW YORK,NY,10019,05/07/2014,05/06/2019,POINT (-73.99343 40.77245)
SHELL OIL PRODUCTS US - LONG ISLAND TERMINAL,1-2820-01549/00004,https://www.dec.ny.gov/dardata/boss/afs/permits/128200154900004_r2.pdf,74 EAST AVE,LAWRENCE,NY,11559,06/20/2012,06/19/2017,POINT (-73.7428 40.63459)
MILL SEAT LANDFILL,8-2648-00014/00011,https://www.dec.ny.gov/dardata/boss/afs/permits/826480001400011_r2_1.pdf,303 BREW RD,BERGEN,NY,14416,02/26/2016,02/25/2021,POINT (-77.93291 43.06417)
BERRY SPECIALTY TAPES LLC,1-4730-00001/00011,https://www.dec.ny.gov/dardata/boss/afs/permits/147300000100011_r3_1.pdf,1852 OLD COUNTRY RD,RIVERHEAD,NY,11901,11/14/2016,11/13/2021,POINT (-72.70838 40.92369)
N SHORE TOWERS APT TOTAL ENERGY PLANT,2-6307-00339/00002,https://www.dec.ny.gov/dardata/boss/afs/permits/263070033900002_r3.pdf,272-40 GRAND CENTRAL PKWY,FLORAL PARK,NY,11005,06/07/2019,06/06/2024,POINT (-73.71315 40.75932)
WASHINGTON MILLS ELECTRO MINERALS,9-2911-00160/00075,https://www.dec.ny.gov/dardata/boss/afs/permits/929110016000075_r3.pdf,1801 BUFFALO AVE,NIAGARA FALLS,NY,14302,12/22/2014,12/21/2019,POINT (-79.04126 43.08288)
CUMMINS INC - JAMESTOWN ENGINE PLANT,9-0622-00003/00071,https://www.dec.ny.gov/dardata/boss/afs/permits/906220000300071_r2_1.pdf,4720 BAKER ST EXT,LAKEWOOD,NY,14750,04/17/2015,04/16/2020,POINT (-79.36024 42.08136)
OWENS-BROCKWAY GLASS CONTAINER INC,7-0552-00004/00019,https://www.dec.ny.gov/dardata/boss/afs/permits/705520000400019_r2.pdf,7134 COUNTY HOUSE RD,AUBURN,NY,13021,03/03/2014,03/02/2019,POINT (-76.55871 42.96361)
OnSemi East Fishkill Facility,3-1328-00025/01028,https://www.dec.ny.gov/dardata/boss/afs/permits/313280002501028_r3_2.pdf,2070 ST RTE 52|HUDSON VALLEY RESEARCH PARK,HOPEWELL JUNCTION,NY,12533,05/08/2017,05/07/2022,POINT (-73.82931 41.54453)
ALBANY LANDFILL GAS TO ENERGY FACILITY,4-0101-00426/00001,https://www.dec.ny.gov/dardata/boss/afs/permits/401010042600001_r1.pdf,RAPP RD,ALBANY,NY,12205,12/07/2015,02/07/2021,
CARR STREET GENERATING STATION,7-3126-00127/00011,https://www.dec.ny.gov/dardata/boss/afs/permits/731260012700011_r3.pdf,64 CARR ST,EAST SYRACUSE,NY,13057,07/21/2015,07/20/2020,POINT (-76.0821 43.06138)
RAVENSWOOD GENERATING STATION,2-6304-00024/00035,https://www.dec.ny.gov/dardata/boss/afs/permits/263040002400035_r3.pdf,38-54 VERNON BLVD,QUEENS,NY,11101,01/08/2018,01/07/2023,POINT (-73.94642 40.75724)
DOWNSTATE MEDICAL CENTER,2-6104-00132/00009,https://www.dec.ny.gov/dardata/boss/afs/permits/261040013200009_r4.pdf,450 CLARKSON AVE,BROOKLYN,NY,11203,01/05/2021,01/04/2026,POINT (-73.94511 40.6557)
EASTMAN BUSINESS PARK,8-2614-00205/01801,https://www.dec.ny.gov/dardata/boss/afs/permits/826140020501801_r1_1.pdf,1999 LAKE AVE,ROCHESTER,NY,14652,12/28/2011,12/31/2016,POINT (-77.62841 43.20372)
TGP COMPRESSOR STATION 237,8-3234-00013/00011,https://www.dec.ny.gov/dardata/boss/afs/permits/832340001300011_r4.pdf,2001 ARCHER RD,CLIFTON SPRINGS,NY,14432,10/11/2022,10/10/2027,POINT (-77.17549 42.93391)
LEHIGH NORTHEAST CEMENT CO - CEMENTON TERMINAL,4-1926-00001/00110,https://www.dec.ny.gov/dardata/boss/afs/permits/419260000100110_r2.pdf,120 ALPHA BLVD US RTE 9W,CEMENTON,NY,12415,10/20/2017,10/19/2022,
OGDENSBURG ENERGY FACILITY,6-4012-00053/00010,https://www.dec.ny.gov/dardata/boss/afs/permits/640120005300010_r3.pdf,21 ENTRANCE AVE,OGDENSBURG,NY,13669,04/05/2019,04/04/2024,POINT (-75.44301 44.72538)
WEST POINT US ARMY GARRISON,3-3336-00022/00055,https://www.dec.ny.gov/dardata/boss/afs/permits/333360002200055_r3_1.pdf,IMNE-MIL-PWE-M|BLDG 667A RUGER RD,WEST POINT,NY,10996,03/07/2017,03/06/2022,POINT (-73.96261 41.39542)
SAINT JOHN'S RIVERSIDE HOSPITAL,3-5518-00222/00007,https://www.dec.ny.gov/dardata/boss/afs/permits/355180022200007_r3.pdf,967 NORTH BROADWAY,YONKERS,NY,10701,05/13/2021,05/12/2026,POINT (-73.88599 40.9687)
GENERAL MILLS OPERATIONS LLC,9-1402-00565/00177,https://www.dec.ny.gov/dardata/boss/afs/permits/914020056500177_r1.pdf,54 S MICHIGAN AVE,BUFFALO,NY,14203,06/17/2009,06/16/2014,POINT (-78.8755 42.87072)
NRG OSWEGO HARBOR POWER,7-3512-00030/00023,https://www.dec.ny.gov/dardata/boss/afs/permits/735120003000023_r2.pdf,261 WASHINGTON BLVD,OSWEGO,NY,13126,01/27/2016,01/31/2021,POINT (-76.53232 43.45373)
Albany County Water Purification District - SOUTH PLANT,4-0101-00020/00012,https://www.dec.ny.gov/dardata/boss/afs/permits/401010002000012_r1.pdf,209 CHURCH ST,ALBANY,NY,12204,12/01/2020,12/03/2025,POINT (-73.7579 42.63036)
DUREZ NIAGARA,9-2911-00111/00105,https://www.dec.ny.gov/dardata/boss/afs/permits/929110011100105_r0_2.pdf,5000 PACKARD RD,NIAGARA FALLS,NY,14304,10/30/2014,10/30/2019,POINT (-79.00156 43.09942)
INDEPENDENCE STATION,7-3556-00040/00026,https://www.dec.ny.gov/dardata/boss/afs/permits/735560004000026_r2.pdf,76 INDEPENDENCE WAY,SCRIBA,NY,13126,10/07/2020,10/07/2025,POINT (-76.44744 43.4965)
CEDAR CREEK WPCP,1-2820-00653/00065,https://www.dec.ny.gov/dardata/boss/afs/permits/128200065300065.pdf,3340 MERRICK RD & CEDAR CREEK PK,WANTAGH,NY,11793,02/18/2016,02/17/2021,POINT (-73.50705 40.66486)
ALLEGANY GENERATING STATION,9-0258-00018/00023,https://www.dec.ny.gov/dardata/boss/afs/permits/902580001800023_r2.pdf,11537 ST RTE 19A,HUME,NY,14536,12/30/2015,12/29/2020,POINT (-78.06622 42.5013)
BUCKEYE ROCHESTER SOUTH TERMINAL,8-2614-00311/00016,https://www.dec.ny.gov/dardata/boss/afs/permits/826140031100016_r3.pdf,675 BROOKS AVE,ROCHESTER,NY,14619,12/17/2018,12/16/2023,POINT (-77.6538 43.13094)
NY - PRESBYTERIAN HOSPITAL-525 E 68TH ST,2-6204-00064/00005,https://www.dec.ny.gov/dardata/boss/afs/permits/262040006400005_r3.pdf,525 EAST 68TH ST,NEW YORK,NY,10021,10/21/2019,10/20/2024,POINT (-73.95541 40.7642)
VON ROLL USA INC,4-4228-00076/00117,https://www.dec.ny.gov/dardata/boss/afs/permits/442280007600117_r2_1.pdf,200 VON ROLL DR,SCHENECTADY,NY,12306,11/02/2015,11/03/2020,POINT (-73.98405 42.80326)
BLYDENBURGH ROAD LANDFILL,1-4728-00628/00015,https://www.dec.ny.gov/dardata/boss/afs/permits/147280062800015_r3.pdf,440 BLYDENBURGH RD,ISLIP,NY,11751,01/12/2022,01/11/2027,POINT (-73.18056 40.81409)
SAINT GOBAIN PERFORMANCE PLASTICS,4-3828-00031/00019,https://www.dec.ny.gov/dardata/boss/afs/permits/438280003100019_r2_1.pdf,1 LIBERTY ST,HOOSICK FALLS,NY,12090,01/27/2014,01/26/2019,POINT (-73.35724 42.90575)
U S SALT - WATKINS GLEN REFINERY,8-4432-00001/00031,https://www.dec.ny.gov/dardata/boss/afs/permits/844320000100031_r3.pdf,3580 SALT POINT RD,WATKINS GLEN,NY,14891,07/01/2021,06/30/2026,POINT (-76.88797 42.40491)
KERRY,7-0842-00017/00019,https://www.dec.ny.gov/dardata/boss/afs/permits/708420001700019_r3.pdf,158 ST RTE 320,NORWICH,NY,13815,05/21/2019,05/20/2024,POINT (-75.52118 42.55428)
METAL CONTAINER CORP,3-3348-00084/00131,https://www.dec.ny.gov/dardata/boss/afs/permits/333480008400131_r3.pdf,130 BREUNIG RD,NEW WINDSOR,NY,12553,10/24/2016,10/23/2021,POINT (-74.09764 41.4874)
STRIDES PHARMA INC,3-3926-00729/00054,https://www.dec.ny.gov/dardata/boss/afs/permits/339260072900054_r3.pdf,1 RAM RIDGE RD,CHESTNUT RIDGE,NY,10977,06/27/2022,06/26/2027,POINT (-74.05286 41.08032)
NEENAH NORTHEAST - LOWVILLE,6-2336-00028/00051,https://www.dec.ny.gov/dardata/boss/afs/permits/623360002800051_r3.pdf,5492 BOSTWICK ST,LOWVILLE,NY,13367,11/28/2017,11/30/2022,POINT (-75.48864 43.79434)
BETHLEHEM ENERGY CENTER,4-0122-00044/00014,https://www.dec.ny.gov/dardata/boss/afs/permits/401220004400014_r2.pdf,380 RIVER RD,GLENMONT,NY,12077,10/18/2018,10/21/2023,POINT (-73.76736 42.5961)
FORDHAM UNIVERSITY,2-6005-00556/00002,https://www.dec.ny.gov/dardata/boss/afs/permits/260050055600002_r1.pdf,441 E FORDHAM RD,BRONX,NY,10458,12/18/2018,12/17/2023,POINT (-73.88998 40.86098)
NYPA JOSEPH J SEYMOUR - 23RD ST & 3RD AVE,2-6102-00482/00006,https://www.dec.ny.gov/dardata/boss/afs/permits/261020048200006_r2.pdf,730 3RD AVE,BROOKLYN,NY,11232,11/17/2015,11/16/2020,POINT (-73.9997 40.66219)
SUNOCO TONAWANDA TERMINAL,9-1464-00132/00019,https://www.dec.ny.gov/dardata/boss/afs/permits/914640013200019_r3.pdf,3733 RIVER RD,TONAWANDA,NY,14150,01/13/2022,01/12/2027,POINT (-78.9326 42.97662)
BROOKHAVEN LANDFILL AND RECYCLING AREA,1-4722-00030/00020,https://www.dec.ny.gov/dardata/boss/afs/permits/147220003000020.pdf,350 HORSEBLOCK RD,YAPHANK,NY,11980,08/30/2002,08/31/2007,POINT (-72.92581 40.80001)
UNICELL BODY COMPANY INC,9-1402-00696/00007,https://www.dec.ny.gov/dardata/boss/afs/permits/914020069600007_r1.pdf,575 HOWARD ST,BUFFALO,NY,14206,02/25/2008,02/24/2013,POINT (-78.83285 42.8833)
Albany County Water Purification District - NORTH PLANT,4-0126-00138/00012,https://www.dec.ny.gov/dardata/boss/afs/permits/401260013800012_r1.pdf,1 CANAL RD S OFF JONES RD,MENANDS,NY,12204,12/01/2020,12/03/2025,POINT (-73.73192 42.67664)
RAVENSWOOD STEAM PLANT,2-6304-01378/00002,https://www.dec.ny.gov/dardata/boss/afs/permits/263040137800002_r2.pdf,38-54 VERNON BLVD,LONG ISLAND CITY,NY,11101,09/08/2014,09/07/2019,POINT (-73.94642 40.75724)
PLIANT LLC (DBA BERRY PLASTICS CORPORATION),8-5430-00017/00092,https://www.dec.ny.gov/dardata/boss/afs/permits/854300001700092_r1.pdf,200 E MAIN ST,MACEDON,NY,14502,09/19/2007,09/18/2012,POINT (-77.29046 43.07006)
SOMERSET OPERATING COMPANY LLC,9-2938-00003/00002,https://www.dec.ny.gov/dardata/boss/afs/permits/929380000300002_r1.pdf,7725 LAKE RD,BARKER,NY,14012,04/26/2011,04/26/2016,POINT (-78.6044 43.3489)
HELL GATE,2-6007-00724/00003,https://www.dec.ny.gov/dardata/boss/afs/permits/260070072400003_r2.pdf,960 E 134TH ST,BRONX,NY,10454,02/19/2016,02/18/2021,POINT (-73.90906 40.7994)
NYC-HH - KINGS COUNTY HOSPITAL CENTER,2-6104-00249/00004,https://www.dec.ny.gov/dardata/boss/afs/permits/261040024900004_r3.pdf,451 CLARKSON AVE,BROOKLYN,NY,11203,02/21/2019,02/20/2024,POINT (-73.94399 40.65716)
CORNING INCORPORATED - CANTON PLANT,6-4030-00002/00066,https://www.dec.ny.gov/dardata/boss/afs/permits/640300000200066_r3_1.pdf,MCADOO RD|334 CO RTE 16,CANTON,NY,13617,03/04/2021,03/01/2026,POINT (-75.31874 44.55929)
QUADGRAPHICS,5-4115-00011/00055,https://www.dec.ny.gov/dardata/boss/afs/permits/541150001100055_r4_1.pdf,56 DUPLAINVILLE RD|GRANDE INDUSTRIAL PARK,SARATOGA SPRINGS,NY,12866,02/18/2020,03/09/2025,POINT (-73.82879 43.06504)
LEHIGH CEMENT COMPANY LLC,5-5205-00013/00058,https://www.dec.ny.gov/dardata/boss/afs/permits/552050001300058_r4.pdf,313 WARREN ST,GLENS FALLS,NY,12801,02/28/2022,02/27/2027,POINT (-73.62117 43.30975)
MAGELLAN AEROSPACE PROCESSING LONG ISLAND INC,1-4720-01919/00001,https://www.dec.ny.gov/dardata/boss/afs/permits/147200191900001_r2.pdf,165 FIELD ST,WEST BABYLON,NY,11704,09/13/2011,09/12/2016,POINT (-73.38887 40.73544)
WHEELABRATOR WESTCHESTER LP,3-5512-00031/00014,https://www.dec.ny.gov/dardata/boss/afs/permits/355120003100014_r3.pdf,1 CHARLES PT AVE,PEEKSKILL,NY,10566,12/13/2016,12/12/2021,POINT (-73.91128 41.29165)
NORTHPORT POWER STATION,1-4726-00130/00038,https://www.dec.ny.gov/dardata/boss/afs/permits/147260013000038_r3.pdf,301 WATERSIDE RD|4000-10000-1000-3002,NORTHPORT,NY,11768,01/31/2019,01/30/2024,POINT (-73.33223 40.91963)
ATHENS GENERATING PLANT,4-1922-00055/00005,https://www.dec.ny.gov/dardata/boss/afs/permits/419220005500005_r2.pdf,9300 US RTE 9W,ATHENS,NY,12015,06/23/2022,06/30/2027,POINT (-73.85804 42.27235)
GLOBAL COMPANIES LLC - GLENWOOD TERMINAL,1-2824-00388/00004,https://www.dec.ny.gov/dardata/boss/afs/permits/128240038800004_r2.pdf,300 SHORE RD,GLENWOOD LANDING,NY,11547,10/18/2011,10/17/2016,POINT (-73.647336 40.828268)
NYC-HH - CONEY ISLAND HOSPITAL,2-6107-00012/00011,https://www.dec.ny.gov/dardata/boss/afs/permits/261070001200011_r3.pdf,2601 OCEAN PKWY @ AVE Z,BROOKLYN,NY,11235,10/23/2019,10/22/2024,POINT (-73.966 40.58607)
INNOVATIVE / FULTON,5-1728-00122/00003,https://www.dec.ny.gov/dardata/boss/afs/permits/517280012200003_r2_1.pdf,847 MUD RD,JOHNSTOWN,NY,12095,10/11/2019,12/14/2024,POINT (-74.48131 43.01209)
SHPP US LLC,4-0122-00007/00719,https://www.dec.ny.gov/dardata/boss/afs/permits/401220000700719_r2.pdf,1 NORYL AVE,SELKIRK,NY,12158,07/01/2020,06/30/2025,POINT (-73.86912 42.58217)
MONTEFIORE MEDICAL CTR-111 E 210TH ST,2-6002-00105/00002,https://www.dec.ny.gov/dardata/boss/afs/permits/260020010500002_r3_1.pdf,111 E 210TH ST,BRONX,NY,10467,06/14/2016,07/31/2021,POINT (-73.88027 40.88108)
DOLCO PACKAGING,8-3226-00023/00029,https://www.dec.ny.gov/dardata/boss/afs/permits/832260002300029_r1.pdf,26 MAPLE AVE,BLOOMFIELD,NY,14469,11/06/2017,11/05/2022,POINT (-77.41755 42.89779)
ANCHOR GLASS CONTAINER CORP,8-0704-00036/00041,https://www.dec.ny.gov/dardata/boss/afs/permits/807040003600041_r3.pdf,151 E MCCANNS BLVD,ELMIRA HEIGHTS,NY,14903,10/02/2019,10/01/2024,POINT (-76.8263 42.11874)
CALPINE JFK ENERGY CENTER,2-6308-00096/00009,https://www.dec.ny.gov/dardata/boss/afs/permits/263080009600009_r3.pdf,KENNEDY INTERNATIONAL AIRPORT  BLDG 49|ENTER THROUGH SIGN TO TERMINAL 7 PARKING,JAMAICA,NY,11430,06/28/2022,06/27/2027,
ASTORIA ENERGY LLC & ASTORIA ENERGY II LLC,2-6301-00072/00014,https://www.dec.ny.gov/dardata/boss/afs/permits/263010007200014_r3_1.pdf,17-10 STEINWAY ST,ASTORIA,NY,11105,06/11/2019,06/10/2024,POINT (-73.89721 40.78009)
FORT DRUM,6-9906-00006/00076,https://www.dec.ny.gov/dardata/boss/afs/permits/699060000600076_r2_1.pdf,HQ  10TH MTN DIV (LI)|RANGE 50,LEWIS & JEFFERSON CO,NY,13601,03/31/2020,03/31/2025,
ANHEUSER BUSCH BALDWINSVILLE BREWERY,7-3136-00002/00089,https://www.dec.ny.gov/dardata/boss/afs/permits/731360000200089_r1.pdf,2885 BELGIUM RD,BALDWINSVILLE,NY,13027,11/10/2015,11/09/2020,POINT (-76.30907 43.16567)
DUTCHESS CO RESOURCE RECOVERY FACILITY,3-1346-00019/00013,https://www.dec.ny.gov/dardata/boss/afs/permits/313460001900013_r4.pdf,96 SAND DOCK RD,POUGHKEEPSIE,NY,12601,03/21/2022,03/20/2027,POINT (-73.94216 41.64729)
SOUTHAMPTON GT FACILITY,1-4736-01438/00002,https://www.dec.ny.gov/dardata/boss/afs/permits/147360143800002_r3.pdf,DAVID WHITES LN,SOUTHAMPTON,NY,11968,03/10/2016,03/10/2021,
FORTISTAR NORTH TONAWANDA INC,9-2912-00059/00013,https://www.dec.ny.gov/dardata/boss/afs/permits/929120005900013_r2.pdf,1070 ERIE AVE,NORTH TONAWANDA,NY,14120,11/09/2016,11/08/2021,POINT (-78.85174 43.0478)
NISSEQUOGUE COGEN PARTNERS PLANT,1-4722-02441/00003,https://www.dec.ny.gov/dardata/boss/afs/permits/147220244100003_r2.pdf,2099 SUNY@ STONY BROOK,STONY BROOK,NY,11794,11/10/2014,11/09/2019,
BATH LANDFILL,8-4624-00031/00009,https://www.dec.ny.gov/dardata/boss/afs/permits/846240003100009_r3.pdf,5632 TURNPIKE RD,BATH,NY,14810,11/03/2022,11/02/2027,POINT (-77.38307 42.32457)
SPRAGUE OPERATING RESOURCES LLC,4-3814-00005/00017,https://www.dec.ny.gov/dardata/boss/afs/permits/438140000500017_r3_1.pdf,58 RIVERSIDE AVE,RENSSELAER,NY,12144,02/04/2016,02/03/2021,POINT (-73.7488 42.6265)
UTICA STATION,6-2126-00037/00025,https://www.dec.ny.gov/dardata/boss/afs/permits/621260003700025_r4.pdf,1103 HIGBY RD,FRANKFORT,NY,13340,10/29/2021,10/28/2026,
GREENPOINT ENERGY CTR,2-6101-00071/00022,https://www.dec.ny.gov/dardata/boss/afs/permits/261010007100022_r2.pdf,287 MASPETH AVE,BROOKLYN,NY,11211,10/31/2017,12/10/2022,POINT (-73.93143 40.71901)
GLOBAL COMPANIES LLC - NEWBURGH TERMINAL,3-3348-00111/00023,https://www.dec.ny.gov/dardata/boss/afs/permits/333480011100023_r3.pdf,1281 RIVER RD,NEW WINDSOR,NY,12553,11/23/2015,11/22/2020,POINT (-74.00912 41.48609)
CLINTON COUNTY REGIONAL LANDFILL,5-0946-00049/00008,https://www.dec.ny.gov/dardata/boss/afs/permits/509460004900008_r3.pdf,286 SAND RD,MORRISONVILLE,NY,12962,01/25/2021,01/24/2026,POINT (-73.59651 44.69052)
City of Albany Rapp Road Waste Management Facility,4-0101-00171/00013,https://www.dec.ny.gov/dardata/boss/afs/permits/401010017100013_r3.pdf,525 RAPP RD,ALBANY,NY,12205,06/24/2019,06/24/2024,POINT (-73.84958 42.70324)
BROOKHAVEN LANDFILL GAS RECOVERY FACILITY,1-4722-00799/00013,https://www.dec.ny.gov/dardata/boss/afs/permits/147220079900013_r2.pdf,350 HORSEBLOCK RD,YAPHANK,NY,11980,12/15/2014,12/14/2019,POINT (-72.92581 40.80001)
HEMPSTEAD RESOURCE RECOVERY FACILITY,1-2820-01727/00028,https://www.dec.ny.gov/dardata/boss/afs/permits/128200172700028_r3.pdf,600 MERCHANTS CONCOURSE,WESTBURY,NY,11590,07/13/2016,07/12/2021,POINT (-73.592126 40.743212)
NORTH RIVER WASTEWATER RESOURCE RECOVERY FACILITY,2-6202-00007/00015,https://www.dec.ny.gov/dardata/boss/afs/permits/262020000700015_r2_1.pdf,725 W 135TH ST,NEW YORK,NY,10031,12/23/2019,12/22/2024,POINT (-73.95804 40.82135)
WHITING DOOR MANUFACTURING CORP,9-1456-00142/00017,https://www.dec.ny.gov/dardata/boss/afs/permits/914560014200017_r3.pdf,113 CEDAR ST,AKRON,NY,14001,01/19/2023,01/18/2028,POINT (-78.50094 43.02812)
BOWLINE GENERATING STATION,3-3922-00003/00008,https://www.dec.ny.gov/dardata/boss/afs/permits/339220000300008_r3_2.pdf,140 SAMSONDALE AVE,WEST HAVERSTRAW,NY,10993,12/29/2017,12/28/2022,POINT (-73.97326 41.20327)
COGEN CORP-111 LIVINGSTON ST,2-6101-00381/00005,https://www.dec.ny.gov/dardata/boss/afs/permits/261010038100005_r3.pdf,111 LIVINGSTON ST,BROOKLYN,NY,11201,05/16/2017,05/15/2022,POINT (-73.99 40.69121)
U S GYPSUM CO OAKFIELD PLANT,8-1838-00007/00035,https://www.dec.ny.gov/dardata/boss/afs/permits/818380000700035_r3.pdf,2750 MAPLE AVE,OAKFIELD,NY,14125,11/12/2019,11/11/2024,POINT (-78.29847 43.06631)
RED-ROCHESTER LLC AT EASTMAN BUSINESS PARK,8-2699-00126/00001,https://www.dec.ny.gov/dardata/boss/afs/permits/826990012600001_r1.pdf,"EASTMAN BUSINESS PARK UTILITIES WATER, POWER, WASTEWATER|1669 LAKE AVE",ROCHESTER,NY,14650,04/01/2021,03/31/2026,POINT (-77.62818 43.1972)
BUCKEYE PIPE LINE CO LP - AUBURN,7-0552-00002/00005,https://www.dec.ny.gov/dardata/boss/afs/permits/705520000200005_r3.pdf,3186 GATES RD,AUBURN,NY,13021,04/03/2017,04/02/2022,POINT (-76.52989 42.96041)
CHAUTAUQUA COUNTY LANDFILL,9-0636-00006/00017,https://www.dec.ny.gov/dardata/boss/afs/permits/906360000600017_r2.pdf,3889 TOWERVILLE RD,JAMESTOWN,NY,14701,10/06/2015,10/06/2020,POINT (-79.31249 42.20265)
MUTUAL REDEVELOPMENT HOUSES,2-6205-00182/00001,https://www.dec.ny.gov/dardata/boss/afs/permits/262050018200001_r3.pdf,315 W 25TH ST,NEW YORK,NY,10001,01/08/2018,01/10/2023,POINT (-73.99837 40.7469)
CRUCIBLE INDUSTRIES,7-3132-00007/00028,https://www.dec.ny.gov/dardata/boss/afs/permits/731320000700028.pdf,575 STATE FAIR BLVD,GEDDES,NY,13209,06/07/2016,06/06/2021,POINT (-76.20719 43.0717)
TENNESSEE GAS PIPELINE CO COMPRESSOR STATION 229,9-1440-00034/00021,https://www.dec.ny.gov/dardata/boss/afs/permits/914400003400021_r2.pdf,7586 E EDEN RD,EDEN,NY,14057,07/31/2013,07/30/2018,POINT (-78.82735 42.67685)
INNOVATIVE / COLONIE,4-0126-00602/00001,https://www.dec.ny.gov/dardata/boss/afs/permits/401260060200001_r2.pdf,16 ARROWHEAD LN,COHOES,NY,12047,05/03/2016,06/12/2021,POINT (-73.72861 42.8018)
OCCIDENTAL CHEMICAL CORP - NIAGARA PLANT,9-2911-00112/00233,https://www.dec.ny.gov/dardata/boss/afs/permits/929110011200233_r2.pdf,BUFFALO AVE AND 47TH ST,NIAGARA FALLS,NY,14302,03/14/2014,03/13/2019,POINT (-79.06266 43.08385)
BRENTWOOD PLANT,1-4728-03067/00003,https://www.dec.ny.gov/dardata/boss/afs/permits/147280306700003_r2.pdf,WITHIN PILGRIM STATE PROPERTY OFF SAGTIKOS STATE PKWY,ISLIP,NY,11751,03/27/2017,03/26/2022,
COMPRESSOR STATION 249,4-4324-00005/00007,https://www.dec.ny.gov/dardata/boss/afs/permits/443240000500007_r2.pdf,2840 US RTE 20,CARLISLE,NY,12031,11/06/2015,11/05/2020,POINT (-74.40421 42.75671)
WOODHULL STATION & POOL,8-4682-00006/00034,https://www.dec.ny.gov/dardata/boss/afs/permits/846820000600034_r4.pdf,974 CO RTE 99,WOODHULL,NY,14898,11/30/2021,11/29/2026,POINT (-77.41611 42.04721)
NORTH ALBANY TERMINAL CO - GLENMONT TERMINAL,4-0122-00052/00020,https://www.dec.ny.gov/dardata/boss/afs/permits/401220005200020_r0_1.pdf,552 RIVER RD,GLENMONT,NY,12077,04/03/2016,04/02/2021,POINT (-73.76638 42.58297)
EAST HAMPTON GT FACILITY,1-4724-00345/00004,https://www.dec.ny.gov/dardata/boss/afs/permits/147240034500004_r3.pdf,33 COVE HOLLOW RD|SCTM# 300-185-2-2,EAST HAMPTON,NY,11937,05/02/2016,05/01/2021,POINT (-72.20795 40.96123)
HARLEM RIVER YARDS PLANT,2-6007-00726/00003,https://www.dec.ny.gov/dardata/boss/afs/permits/260070072600003_r2.pdf,E 132ND ST & ROBERT F KENNEDY BRIDGE|688 E 132ND ST,BRONX,NY,10454,12/29/2015,12/28/2020,POINT (-73.91775 40.80187)
SOLID WASTE MANAGEMENT FACILITY,6-2252-00007/00015,https://www.dec.ny.gov/dardata/boss/afs/permits/622520000700015_r3_1.pdf,23400 ST RTE 177,RODMAN,NY,13682,03/16/2017,03/15/2022,POINT (-75.90381 43.82498)
HOLLINGSWORTH & VOSE-EASTON MILL,5-5326-00004/00049,https://www.dec.ny.gov/dardata/boss/afs/permits/553260000400049_r4.pdf,3235 CO RTE 113,GREENWICH,NY,12834,09/17/2021,09/16/2026,POINT (-73.56893 43.10945)
BROOKHAVEN NATIONAL LABORATORY,1-4722-00032/00115,https://www.dec.ny.gov/dardata/boss/afs/permits/147220003200115_r3.pdf,53 BELL AVE|SCTM  200-505-1-1.002,UPTON,NY,11973,01/29/2020,01/30/2025,
TENNESSEE GAS PIPELINE CO COMPRESSOR STATION 224,9-0642-00016/00017,https://www.dec.ny.gov/dardata/boss/afs/permits/906420001600017_r2.pdf,9766 RAVLIN HILL RD,CLYMER,NY,14724,05/21/2013,05/20/2018,POINT (-79.70187 42.05359)
TENNESSEE GAS PIPELINE CO COMPRESSOR STATION 230-C,9-2920-00008/00015,https://www.dec.ny.gov/dardata/boss/afs/permits/929200000800015_r3.pdf,5186 LOCKPORT JUNCTION RD,LOCKPORT,NY,14094,10/23/2018,10/22/2023,POINT (-78.75462 43.15899)
PALL TRINITY MICRO,7-1122-00063/00151,https://www.dec.ny.gov/dardata/boss/afs/permits/711220006300151_r1.pdf,3643 ST RTE 281 - NW CORNER @ MCLEAN RD,CORTLAND,NY,13045,01/28/2014,01/27/2019,POINT (-76.21259 42.58353)
AL TURI LANDFILL & LFGTE FACILITY,3-3330-00184/00002,https://www.dec.ny.gov/dardata/boss/afs/permits/333300018400002_r3.pdf,97 HARTLEY RD,GOSHEN,NY,10924,01/09/2017,01/08/2022,POINT (-74.37555 41.40411)
SUNOCO PARTNERS M & T ROCHESTER TERMINAL,8-2614-00125/00012,https://www.dec.ny.gov/dardata/boss/afs/permits/826140012500012_r3.pdf,1840 LYELL AVE,ROCHESTER,NY,14606,08/16/2019,08/15/2024,POINT (-77.67513 43.16469)
ROCHESTER SILVER WORKS,8-2614-00888/00001,https://www.dec.ny.gov/dardata/boss/afs/permits/826140088800001_r1.pdf,"EASTMAN BUSINESS PARK|BUILDINGS 101, 110, 117, 138, 143, 144, 145, & 156",ROCHESTER,NY,14652,06/14/2019,06/13/2024,POINT (-77.57411 43.2159)
ROCKVILLE CENTRE POWER PLANT,1-2820-00753/00008,https://www.dec.ny.gov/dardata/boss/afs/permits/128200075300008_r1_2.pdf,110 MAPLE AVE,ROCKVILLE CTR,NY,11571,04/11/2014,04/29/2019,POINT (-73.64039 40.65875)
Buffalo Terminal LLC,9-1464-00090/00065,https://www.dec.ny.gov/dardata/boss/afs/permits/914640009000065_r2.pdf,700 GRAND ISLAND BLVD,TONAWANDA,NY,14150,08/27/2015,08/26/2020,POINT (-78.92484 42.99185)
NORTHEAST SOLITE CORPORATION,3-5148-00084/00025,https://www.dec.ny.gov/dardata/boss/afs/permits/351480008400025_r4.pdf,962 OLD KINGS HWY,SAUGERTIES,NY,12477,01/19/2021,01/18/2026,POINT (-73.97902 42.05282)
BUCKEYE ALBANY TERMINAL LLC,4-0101-00070/02003,https://www.dec.ny.gov/dardata/boss/afs/permits/401010007002003.pdf,301 NORMANSKILL ST|PORT OF ALBANY,ALBANY,NY,12202,02/22/2011,02/21/2016,POINT (-73.76423 42.61622)
INDEPENDENCE STATION,9-0260-00009/00016,https://www.dec.ny.gov/dardata/boss/afs/permits/902600000900016_r3.pdf,CO RTE 22 BETW FULMER VALLEY RD & CO RTE 22A,ANDOVER,NY,14806,08/10/2022,08/09/2027,POINT (-77.78119 42.09728)
MOUNT SINAI HOSPITAL,2-6204-00059/00001,https://www.dec.ny.gov/dardata/boss/afs/permits/262040005900001_r3.pdf,1 GUSTAVE L LEVY PL|1450 MADISON AVE,NEW YORK,NY,10029,04/16/2019,05/11/2024,POINT (-73.95437 40.78902)
STERLING ENERGY FACILITY,6-3014-00011/00022,https://www.dec.ny.gov/dardata/boss/afs/permits/630140001100022_r3.pdf,110 E SENECA ST,SHERRILL,NY,13461,01/29/2018,01/28/2023,POINT (-75.598 43.07678)
VERNON BLVD PLANT,2-6304-01377/00003,https://www.dec.ny.gov/dardata/boss/afs/permits/263040137700003_r2.pdf,42-30 VERNON BLVD,QUEENS,NY,11101,04/15/2016,04/14/2021,POINT (-73.9501 40.75338)
ENGINEERED COMPOSITES INC,9-1402-00773/00006,https://www.dec.ny.gov/dardata/boss/afs/permits/914020077300006.pdf,55 ROBERTS AVE,BUFFALO,NY,14206,01/28/2015,01/27/2020,POINT (-78.81507 42.86924)
YONKERS JOINT WWTP,3-5518-00342/00019,https://www.dec.ny.gov/dardata/boss/afs/permits/355180034200019_r2_2.pdf,1 FERNBROOK ST |LUDLOW DOCK SOUTH,YONKERS,NY,10705,04/29/2014,04/28/2019,POINT (-73.90627 40.92481)
PARKCHESTER SOUTH CONDOMINIUM,2-6005-00139/00002,https://www.dec.ny.gov/dardata/boss/afs/permits/260050013900002_r3_1.pdf,2020 E TREMONT AVE,BRONX,NY,10462,07/25/2016,08/01/2021,POINT (-73.86015 40.84171)
BABYLON RESOURCE RECOVERY FACILITY,1-4720-00777/00008,https://www.dec.ny.gov/dardata/boss/afs/permits/147200077700008_r3.pdf,125 GLEAM ST,WEST BABYLON,NY,11704,01/07/2015,01/06/2020,POINT (-73.38627 40.7332)
CASTLETON ENERGY CENTER,4-3844-00008/00006,https://www.dec.ny.gov/dardata/boss/afs/permits/438440000800006_r3.pdf,1902 RIVER RD|ST RTE 9J,CASTLETON ON HUDSON,NY,12033,03/21/2023,03/20/2028,POINT (-73.74976 42.54172)
ALOCA MASSENA OPERATIONS,6-4058-00003/00365,https://www.dec.ny.gov/dardata/boss/afs/permits/640580000300365_r1_2.pdf,1814 STATE ROUTE 131,MASSENA CENTER,NY,13662,12/04/2012,12/31/2017,POINT (-74.89258 44.9657)
TRANSCONTINENTAL ULTRA FLEX INC.,2-6105-00149/00006,https://www.dec.ny.gov/dardata/boss/afs/permits/261050014900006_r3.pdf,975 ESSEX ST,BROOKLYN,NY,11208,07/25/2016,07/24/2021,POINT (-73.87469 40.66031)
GOWANUS GENERATING STATION,2-6102-00116/00021,https://www.dec.ny.gov/dardata/boss/afs/permits/261020011600021_r3_1.pdf,29TH ST & 2ND AVE,BROOKLYN,NY,11232,07/05/2018,07/04/2023,POINT (-74.00463 40.66093)
INDECK-CORINTH ENERGY CENTER,5-4126-00028/00009,https://www.dec.ny.gov/dardata/boss/afs/permits/541260002800009_r4_1.pdf,24 WHITE ST,CORINTH,NY,12822,12/28/2018,12/31/2023,POINT (-73.81085 43.24859)
GENERAL MILLS OPERATIONS LLC,9-1402-00565/00175,https://www.dec.ny.gov/dardata/boss/afs/permits/914020056500175_r1.pdf,54 S MICHIGAN AVE,BUFFALO,NY,14203,06/17/2009,06/16/2014,POINT (-78.8755 42.87072)
ASTORIA GAS TURBINE POWER,2-6301-00191/00003,https://www.dec.ny.gov/dardata/boss/afs/permits/263010019100003_r1_1.pdf,31-01 20TH AVE,ASTORIA,NY,11105,05/29/2009,05/28/2014,POINT (-73.9061 40.77958)
GLOBAL COMPANIES - CARGO TERMINAL,3-3348-00082/00010,https://www.dec.ny.gov/dardata/boss/afs/permits/333480008200010_r3.pdf,1096 RIVER RD,NEW WINDSOR,NY,12553,03/01/2016,02/28/2021,POINT (-74.01455 41.47399)
SAINT-GOBAIN ADFORS AMERICA INC,8-3420-00010/00103,https://www.dec.ny.gov/dardata/boss/afs/permits/834200001000103_r3.pdf,14770 EAST AVE,ALBION,NY,14411,07/27/2018,07/26/2023,POINT (-78.16809 43.24277)
OSWEGO CO ENERGY RECOVERY FAC,7-3558-00013/00015,https://www.dec.ny.gov/dardata/boss/afs/permits/735580001300015_r2.pdf,2801 ST RTE 481,FULTON,NY,13069,10/21/2016,10/20/2021,POINT (-76.42424 43.34923)
HILLBURN SUBSTATION,3-3926-00059/00003,https://www.dec.ny.gov/dardata/boss/afs/permits/339260005900003_r4.pdf,6 4TH ST,HILLBURN,NY,10931,02/23/2022,02/22/2027,POINT (-74.16321 41.12537)
NYU CENTRAL PLANT,2-6205-00246/00005,https://www.dec.ny.gov/dardata/boss/afs/permits/262050024600005_r2_1.pdf,251 MERCER ST,NEW YORK,NY,10012,09/29/2015,09/28/2020,POINT (-73.99531 40.72852)
TAM CERAMICS LLC,9-2930-00032/00263,https://www.dec.ny.gov/dardata/boss/afs/permits/929300003200263_r3.pdf,4511 HYDE PARK BLVD,NIAGARA FALLS,NY,14305,08/13/2015,08/13/2020,POINT (-79.03901 43.12891)
CHEMTRADE SOLUTIONS SYRACUSE,7-3132-00009/00017,https://www.dec.ny.gov/dardata/boss/afs/permits/731320000900017_r2.pdf,1421 WILLIS AVE,SYRACUSE,NY,13204,05/20/2015,05/19/2020,POINT (-76.19875 43.06164)
INDECK-OSWEGO ENERGY CENTER,7-3512-00005/00006,https://www.dec.ny.gov/dardata/boss/afs/permits/735120000500006_r2.pdf,105 MITCHELL ST,OSWEGO,NY,13126,04/04/2022,04/04/2027,POINT (-76.48842 43.47064)
CHEMUNG COUNTY LANDFILL,8-0728-00004/00017,https://www.dec.ny.gov/dardata/boss/afs/permits/807280000400017_r4.pdf,1488 CO RTE 60,ELMIRA,NY,14901,03/16/2022,03/15/2027,POINT (-76.68497 42.02845)
BAYSWATER / JAMAICA BAY PEAKING FACILITY,2-6308-00513/00012,https://www.dec.ny.gov/dardata/boss/afs/permits/263080051300012_r2.pdf,14-25 BAY 24TH ST,FAR ROCKAWAY,NY,11691,09/09/2019,09/08/2024,POINT (-73.76558 40.60639)
